{
  "format_version": "1.10.0",
  "minecraft:attachable": {
    "description": {
      "identifier": "minecraft:gray_concrete.head",
      "item": { "minecraft:gray_concrete": "q.is_item_name_any('slot.armor.head', 0, 'minecraft:gray_concrete')" },
      "materials": {
        "default": "entity",
        "enchanted": "entity_glint"
      },
      "textures": {
        "default": "textures/blocks/concrete_gray",
        "enchanted": "textures/misc/enchanted_item_glint"
      },
      "geometry": {
        "default": "geometry.humanoid.armor.helmet"
      },
      "scripts": {
        "parent_setup": "variable.helmet_layer_visible = 0.0;"
      },
      "render_controllers": [ "controller.render.armor" ]
    }
  }
}