{
	"format_version": "1.12.0",
	"minecraft:geometry": [
		{
			"description": {
				"identifier": "geometry.geyser_custom.geo_1d745e1",
				"texture_width": 64,
				"texture_height": 64,
				"visible_bounds_width": 3,
				"visible_bounds_height": 4,
				"visible_bounds_offset": [0, 1, 0]
			},
			"bones": [
				{
					"name": "bone",
					"pivot": [8, 0, -8],
					"cubes": [
						{
							"origin": [-8, 16, -8],
							"size": [16, 16, 16],
							"uv": {
								"north": {"uv": [0.9697, 32], "uv_size": [31.0303, 32]},
								"east": {"uv": [32, 32], "uv_size": [-31.0303, 32]},
								"south": {"uv": [0.9697, 32], "uv_size": [30.06061, 32]},
								"west": {"uv": [0.9697, 32], "uv_size": [31.0303, 32]},
								"up": {"uv": [0.9697, 32], "uv_size": [30.06061, 32]},
								"down": {"uv": [32, 32.9697], "uv_size": [-32, 31.0303]}
							}
						},
						{
							"origin": [-8, 16, -9],
							"size": [16, 16, 1],
							"uv": {
								"north": {"uv": [0, 0], "uv_size": [30.54545, 31.51515]},
								"east": {"uv": [0, 0], "uv_size": [1, 16]},
								"south": {"uv": [0, 0], "uv_size": [30.54545, 31.51515]},
								"west": {"uv": [0, 0], "uv_size": [1, 16]},
								"up": {"uv": [16, 1], "uv_size": [-16, -1]},
								"down": {"uv": [16, 1], "uv_size": [-16, -1]}
							}
						}
					]
				}
			]
		}
	]
}