{
   "prismarine_shard": [
      {
	  	 "custom_model_data": 1,
		  "sprite": "textures/minecraft/items/eel_head"
	  }
   ],
      "leather_helmet": [
      {
	  	 "custom_model_data": 1,
		  "sprite": "textures/minecraft/items/buzo_helmet"
	  }
   ],
      "leather_chestplate": [
      {
	  	 "custom_model_data": 1,
		  "sprite": "textures/minecraft/items/buzo_chestplate"
	  }
   ],
      "leather_leggings": [
      {
	  	 "custom_model_data": 1,
		  "sprite": "textures/minecraft/items/buzo_leggings"
	  }
   ],
      "leather_boots": [
      {
	  	 "custom_model_data": 1,
		  "sprite": "textures/minecraft/items/buzo_boots"
	  }
   ],
      "chainmail_helmet": [
      {
	  	 "custom_model_data": 1,
		  "sprite": "textures/minecraft/items/buzo_helmet"
	  }
   ],
      "chainmail_chestplate": [
      {
	  	 "custom_model_data": 1,
		  "sprite": "textures/minecraft/items/buzo_chestplate"
	  }
   ],
      "chainmail_leggings": [
      {
	  	 "custom_model_data": 1,
		  "sprite": "textures/minecraft/items/buzo_leggings"
	  }
   ],
      "diamond_boots": [
      {
	  	 "custom_model_data": 1,
		  "sprite": "textures/minecraft/items/buzo_boots"
	  }
   ],
      "diamond_helmet": [
      {
	  	 "custom_model_data": 1,
		  "sprite": "textures/minecraft/items/buzo_helmet"
	  }
   ],
      "diamond_chestplate": [
      {
	  	 "custom_model_data": 1,
		  "sprite": "textures/minecraft/items/buzo_chestplate"
	  }
   ],
      "diamond_leggings": [
      {
	  	 "custom_model_data": 1,
		  "sprite": "textures/minecraft/items/buzo_leggings"
	  }
   ],
      "diamond_boots": [
      {
	  	 "custom_model_data": 1,
		  "sprite": "textures/minecraft/items/buzo_boots"
	  }
   ],
      "iron_helmet": [
      {
	  	 "custom_model_data": 1,
		  "sprite": "textures/minecraft/items/buzo_helmet"
	  }
   ],
      "iron_chestplate": [
      {
	  	 "custom_model_data": 1,
		  "sprite": "textures/minecraft/items/buzo_chestplate"
	  }
   ],
      "iron_leggings": [
      {
	  	 "custom_model_data": 1,
		  "sprite": "textures/minecraft/items/buzo_leggings"
	  }
   ],
      "iron_boots": [
      {
	  	 "custom_model_data": 1,
		  "sprite": "textures/minecraft/items/buzo_boots"
	  }
   ],
      "prismarine_shard": [
      {
	  	 "custom_model_data": 2,
		  "sprite": "textures/minecraft/items/sonar"
	  }
   ],
      "prismarine_shard": [
      {
	  	 "custom_model_data": 3,
		  "sprite": "textures/minecraft/items/broken_sonar"
	  }
   ],
}